{"cameraMode":{"drawMode":0,"name":"Shaded","section":"Shading Mode"},"sceneLighting":true,"audioPlay":false,"sceneViewState":{"m_AlwaysRefresh":false,"showFog":true,"showSkybox":true,"showFlares":true,"showImageEffects":true,"showParticleSystems":true,"showVisualEffectGraphs":true,"m_FxEnabled":true},"in2DMode":false,"pivot":{"x":1.6534459590911866,"y":2.898998737335205,"z":3.5297868251800539},"rotation":{"x":-0.13097968697547913,"y":0.17626890540122987,"z":-0.023682303726673127,"w":-0.9752933979034424},"size":13.88790512084961,"orthographic":true}